1,Joelly,Jurewicz,jjurewicz0@bbc.co.uk,Female,140.143.246.227
2,Chick,Gulleford,cgulleford1@dion.ne.jp,Male,201.103.137.33
3,Verge,Sibun,vsibun2@geocities.jp,Male,110.201.105.16
4,Elle,Ride,eride3@walmart.com,Female,174.164.74.162
5,Zacharie,Bishop,zbishop4@weather.com,Male,9.244.134.20
6,Glyn,Veschi,gveschi5@illinois.edu,Male,63.87.102.11
7,Odey,Biasioni,obiasioni6@nbcnews.com,Male,105.159.95.173
8,Roland,Albone,ralbone7@hubpages.com,Male,73.176.177.62
9,Bendicty,Penrith,bpenrith8@ed.gov,Male,86.188.119.123
10,Ki,Ronchka,kronchka9@flavors.me,Female,202.235.201.217
